"","vector.1","vector.2"
"1","sa100662.pdf",1
"2","sa15145.pdf",2
"3","sa16564.pdf",3
"4","sa17261.pdf",4
"5","sa17581.pdf",5
"6","sa17862.pdf",6
"7","sa18881.pdf",7
"8","sa18884.pdf",8
"9","sa19033.pdf",9
"10","sa19068.pdf",10
"11","sa19228.pdf",11
"12","sa19515.pdf",12
"13","sa20582.pdf",13
"14","sa20674.pdf",14
"15","sa20821.pdf",15
"16","sa20947.pdf",16
"17","sa23082.pdf",17
"18","sa23179.pdf",18
"19","sa24558.pdf",19
"20","sa24889.pdf",20
"21","sa25115.pdf",21
"22","sa25124.pdf",22
"23","sa25137.pdf",23
"24","sa25435.pdf",24
"25","sa25739.pdf",25
"26","sa25740.pdf",26
"27","sa25779.pdf",27
"28","sa26377.pdf",28
"29","sa26413.pdf",29
"30","sa27517.pdf",30
"31","sa28092.pdf",31
"32","sa28156.pdf",32
"33","sa28192.pdf",33
"34","sa28435.pdf",34
"35","sa28438.pdf",35
"36","sa28665.pdf",36
"37","sa28845.pdf",37
"38","sa28969.pdf",38
"39","sa29001.pdf",39
"40","sa29028.pdf",40
"41","sa29119.pdf",41
"42","sa29606.pdf",42
"43","sa29706.pdf",43
"44","sa29729.pdf",44
"45","sa297291.pdf",45
"46","sa29775.pdf",46
"47","sa29826.pdf",47
"48","sa29874.pdf",48
"49","sa30296.pdf",49
"50","sa30317.pdf",50
"51","sa303171.pdf",51
"52","sa30705.pdf",52
"53","sa30791.pdf",53
"54","sa31219.pdf",54
"55","sa31229.pdf",55
"56","sa31230.pdf",56
"57","sa31346.pdf",57
"58","sa31687.pdf",58
"59","sa31729.pdf",59
"60","sa31851.pdf",60
"61","sa32021.pdf",61
"62","sa32037.pdf",62
"63","sa32309.pdf",63
"64","sa32829.pdf",64
"65","sa32866.pdf",65
"66","sa33077.pdf",66
"67","sa33092.pdf",67
"68","sa33099.pdf",68
"69","sa33151.pdf",69
"70","sa33221.pdf",70
"71","sa33222.pdf",71
"72","sa33324.pdf",72
"73","sa33364.pdf",73
"74","sa33386.pdf",74
"75","sa33420.pdf",75
"76","sa33438.pdf",76
"77","sa33473.pdf",77
"78","sa33641.pdf",78
"79","sa33656.pdf",79
"80","sa33671.pdf",80
"81","sa33807.pdf",81
"82","sa33869.pdf",82
"83","sa34031.pdf",83
"84","sa34166.pdf",84
"85","sa34188.pdf",85
"86","sa34199.pdf",86
"87","sa34290.pdf",87
"88","sa34665.pdf",88
"89","sa34708.pdf",89
"90","sa34732.pdf",90
"91","sa34809.pdf",91
"92","sa34845.pdf",92
"93","sa34932.pdf",93
"94","sa35000.pdf",94
"95","sa35027.pdf",95
"96","sa35028.pdf",96
"97","sa35029.pdf",97
"98","sa35060.pdf",98
"99","sa35233.pdf",99
"100","sa35562.pdf",100
"101","sa35834.pdf",101
"102","sa35913.pdf",102
"103","sa35949.pdf",103
"104","sa36132.pdf",104
"105","sa36234.pdf",105
"106","sa36601.pdf",106
"107","sa36703.pdf",107
"108","sa36918.pdf",108
"109","sa37558.pdf",109
"110","sa37682.pdf",110
"111","sa37685.pdf",111
"112","sa37812.pdf",112
"113","sa37860.pdf",113
"114","sa37864.pdf",114
"115","sa38025.pdf",115
"116","sa38348.pdf",116
"117","sa38626.pdf",117
"118","sa38690.pdf",118
"119","sa39089.pdf",119
"120","sa39090.pdf",120
"121","sa39518.pdf",121
"122","sa40720.pdf",122
"123","sa41065.pdf",123
"124","sa41175.pdf",124
"125","sa41416.pdf",125
"126","sa43404.pdf",126
"127","sa43484.pdf",127
"128","sa46203.pdf",128
"129","sa46372.pdf",129
"130","sa46613.pdf",130
"131","sa46731.pdf",131
"132","sa46805.pdf",132
"133","sa48325.pdf",133
"134","sa48418.pdf",134
"135","sa49445.pdf",135
"136","sa49614.pdf",136
"137","sa49935.pdf",137
"138","sa50844.pdf",138
"139","sa52224.pdf",139
"140","sa52732.pdf",140
"141","sa53135.pdf",141
"142","sa53925.pdf",142
"143","sa54472.pdf",143
"144","sa54668.pdf",144
"145","sa54684.pdf",145
"146","sa55578.pdf",146
"147","sa56426.pdf",147
"148","sa56599.pdf",148
"149","sa57216.pdf",149
"150","sa57357.pdf",150
"151","sa57495.pdf",151
"152","sa57496.pdf",152
"153","sa57497.pdf",153
"154","sa58074.pdf",154
"155","sa58099.pdf",155
"156","sa58261.pdf",156
"157","sa59574.pdf",157
"158","sa62696.pdf",158
"159","sa63172.pdf",159
