"","x"
"sa100662.pdf.croatia",8
"sa100662.pdf.decis",7
"sa100662.pdf.measur",7
"sa100662.pdf.notifi",6
"sa100662.pdf.scheme",6
"sa100662.pdf.speed",6
"sa100662.pdf.download",5
"sa100662.pdf.plan",5
"sa100662.pdf.regul",5
"sa100662.pdf.articl",4
"sa15145.pdf.servic",137
"sa15145.pdf.provid",78
"sa15145.pdf.broadband",60
"sa15145.pdf.measur",30
"sa15145.pdf.commiss",28
"sa15145.pdf.agreement",24
"sa15145.pdf.author",24
"sa15145.pdf.project",22
"sa15145.pdf.provis",20
"sa15145.pdf.aid",19
"sa16564.pdf.project",63
"sa16564.pdf.infrastructur",57
"sa16564.pdf.servic",47
"sa16564.pdf.market",41
"sa16564.pdf.oper",41
"sa16564.pdf.atlas",38
"sa16564.pdf.provid",38
"sa16564.pdf.busi",31
"sa16564.pdf.telecom",28
"sa16564.pdf.aid",25
"sa17261.pdf.servic",170
"sa17261.pdf.broadband",76
"sa17261.pdf.provid",65
"sa17261.pdf.project",60
"sa17261.pdf.infrastructur",35
"sa17261.pdf.avail",28
"sa17261.pdf.cost",27
"sa17261.pdf.requir",26
"sa17261.pdf.aid",24
"sa17261.pdf.author",24
"sa17581.pdf.servic",137
"sa17581.pdf.provid",80
"sa17581.pdf.broadband",67
"sa17581.pdf.fund",59
"sa17581.pdf.project",44
"sa17581.pdf.cost",38
"sa17581.pdf.commiss",29
"sa17581.pdf.infrastructur",29
"sa17581.pdf.busi",27
"sa17581.pdf.user",27
"sa17862.pdf.servic",129
"sa17862.pdf.provid",67
"sa17862.pdf.broadband",65
"sa17862.pdf.project",43
"sa17862.pdf.infrastructur",31
"sa17862.pdf.scotland",29
"sa17862.pdf.author",28
"sa17862.pdf.cost",27
"sa17862.pdf.access",26
"sa17862.pdf.aid",25
"sa18881.pdf.servic",82
"sa18881.pdf.provid",67
"sa18881.pdf.broadband",66
"sa18881.pdf.project",30
"sa18881.pdf.cost",26
"sa18881.pdf.access",24
"sa18881.pdf.select",22
"sa18881.pdf.wale",20
"sa18881.pdf.fund",19
"sa18881.pdf.infrastructur",19
"sa18884.pdf.servic",91
"sa18884.pdf.market",68
"sa18884.pdf.network",61
"sa18884.pdf.broadband",59
"sa18884.pdf.provid",49
"sa18884.pdf.commiss",47
"sa18884.pdf.appingedam",41
"sa18884.pdf.oper",38
"sa18884.pdf.access",34
"sa18884.pdf.measur",33
"sa19033.pdf.servic",32
"sa19033.pdf.provid",26
"sa19033.pdf.broadband",25
"sa19033.pdf.public",22
"sa19033.pdf.project",18
"sa19033.pdf.procur",17
"sa19033.pdf.commiss",15
"sa19033.pdf.measur",15
"sa19033.pdf.infrastructur",11
"sa19033.pdf.scotland",11
"sa19068.pdf.servic",69
"sa19068.pdf.wholesal",68
"sa19068.pdf.oper",65
"sa19068.pdf.broadband",46
"sa19068.pdf.author",39
"sa19068.pdf.market",38
"sa19068.pdf.measur",37
"sa19068.pdf.infrastructur",36
"sa19068.pdf.busi",35
"sa19068.pdf.provid",34
"sa19228.pdf.servic",69
"sa19228.pdf.broadband",58
"sa19228.pdf.access",46
"sa19228.pdf.measur",42
"sa19228.pdf.provid",40
"sa19228.pdf.aid",33
"sa19228.pdf.fund",31
"sa19228.pdf.infrastructur",29
"sa19228.pdf.elig",28
"sa19228.pdf.oper",24
"sa19515.pdf.market",108
"sa19515.pdf.infrastructur",99
"sa19515.pdf.servic",98
"sa19515.pdf.broadband",96
"sa19515.pdf.man",73
"sa19515.pdf.wholesal",72
"sa19515.pdf.oper",70
"sa19515.pdf.irish",68
"sa19515.pdf.author",65
"sa19515.pdf.network",64
"sa20582.pdf.broadband",58
"sa20582.pdf.servic",41
"sa20582.pdf.measur",38
"sa20582.pdf.provid",36
"sa20582.pdf.infrastructur",25
"sa20582.pdf.network",23
"sa20582.pdf.aid",21
"sa20582.pdf.access",17
"sa20582.pdf.cost",16
"sa20582.pdf.oper",16
"sa20674.pdf.servic",108
"sa20674.pdf.broadband",75
"sa20674.pdf.provid",50
"sa20674.pdf.project",45
"sa20674.pdf.author",44
"sa20674.pdf.advanc",43
"sa20674.pdf.infrastructur",41
"sa20674.pdf.technolog",41
"sa20674.pdf.south",40
"sa20674.pdf.yorkshir",40
"sa20821.pdf.aid",49
"sa20821.pdf.italia",48
"sa20821.pdf.telecom",48
"sa20821.pdf.provid",43
"sa20821.pdf.broadband",42
"sa20821.pdf.servic",41
"sa20821.pdf.italian",39
"sa20821.pdf.author",38
"sa20821.pdf.exchang",38
"sa20821.pdf.local",34
"sa20947.pdf.broadband",51
"sa20947.pdf.provid",45
"sa20947.pdf.servic",43
"sa20947.pdf.oper",33
"sa20947.pdf.measur",28
"sa20947.pdf.aid",25
"sa20947.pdf.access",20
"sa20947.pdf.infrastructur",20
"sa20947.pdf.author",19
"sa20947.pdf.select",19
"sa23082.pdf.broadband",36
"sa23082.pdf.servic",33
"sa23082.pdf.aid",24
"sa23082.pdf.measur",23
"sa23082.pdf.commiss",20
"sa23082.pdf.oper",17
"sa23082.pdf.fund",15
"sa23082.pdf.select",14
"sa23082.pdf.econom",13
"sa23082.pdf.project",13
"sa23179.pdf.broadband",64
"sa23179.pdf.servic",55
"sa23179.pdf.measur",26
"sa23179.pdf.market",21
"sa23179.pdf.provid",21
"sa23179.pdf.aid",19
"sa23179.pdf.econom",19
"sa23179.pdf.irish",19
"sa23179.pdf.commiss",16
"sa23179.pdf.ireland",16
"sa24558.pdf.measur",55
"sa24558.pdf.aid",44
"sa24558.pdf.author",28
"sa24558.pdf.project",28
"sa24558.pdf.commiss",24
"sa24558.pdf.intens",23
"sa24558.pdf.scenario",23
"sa24558.pdf.origin",15
"sa24558.pdf.amend",12
"sa24558.pdf.broadband",12
"sa24889.pdf.broadband",120
"sa24889.pdf.author",75
"sa24889.pdf.servic",74
"sa24889.pdf.measur",63
"sa24889.pdf.provid",59
"sa24889.pdf.aid",56
"sa24889.pdf.oper",54
"sa24889.pdf.tender",43
"sa24889.pdf.select",41
"sa24889.pdf.commiss",37
"sa25115.pdf.broadband",37
"sa25115.pdf.measur",35
"sa25115.pdf.aid",32
"sa25115.pdf.servic",29
"sa25115.pdf.oper",23
"sa25115.pdf.select",22
"sa25115.pdf.provid",21
"sa25115.pdf.commiss",17
"sa25115.pdf.author",16
"sa25115.pdf.access",15
"sa25124.pdf.broadband",78
"sa25124.pdf.servic",60
"sa25124.pdf.aid",51
"sa25124.pdf.measur",48
"sa25124.pdf.provid",44
"sa25124.pdf.fund",38
"sa25124.pdf.oper",35
"sa25124.pdf.select",31
"sa25124.pdf.municip",29
"sa25124.pdf.project",29
"sa25137.pdf.servic",70
"sa25137.pdf.measur",54
"sa25137.pdf.aid",46
"sa25137.pdf.project",32
"sa25137.pdf.provid",28
"sa25137.pdf.commiss",27
"sa25137.pdf.oper",21
"sa25137.pdf.rural",21
"sa25137.pdf.access",19
"sa25137.pdf.communic",18
"sa25435.pdf.broadband",60
"sa25435.pdf.servic",52
"sa25435.pdf.aid",48
"sa25435.pdf.measur",44
"sa25435.pdf.provid",42
"sa25435.pdf.oper",33
"sa25435.pdf.fund",32
"sa25435.pdf.select",29
"sa25435.pdf.project",26
"sa25435.pdf.market",23
"sa25739.pdf.broadband",65
"sa25739.pdf.servic",44
"sa25739.pdf.aid",39
"sa25739.pdf.measur",39
"sa25739.pdf.provid",36
"sa25739.pdf.oper",31
"sa25739.pdf.select",25
"sa25739.pdf.commiss",21
"sa25739.pdf.market",18
"sa25739.pdf.communic",17
"sa25740.pdf.broadband",41
"sa25740.pdf.measur",35
"sa25740.pdf.servic",34
"sa25740.pdf.aid",32
"sa25740.pdf.oper",31
"sa25740.pdf.provid",29
"sa25740.pdf.select",27
"sa25740.pdf.market",20
"sa25740.pdf.access",19
"sa25740.pdf.competit",19
"sa25779.pdf.broadband",40
"sa25779.pdf.aid",32
"sa25779.pdf.servic",30
"sa25779.pdf.measur",29
"sa25779.pdf.oper",26
"sa25779.pdf.provid",20
"sa25779.pdf.adig",19
"sa25779.pdf.alto",18
"sa25779.pdf.commiss",18
"sa25779.pdf.infrastructur",14
"sa26377.pdf.aid",107
"sa26377.pdf.region",95
"sa26377.pdf.scheme",73
"sa26377.pdf.develop",62
"sa26377.pdf.invest",61
"sa26377.pdf.infrastructur",46
"sa26377.pdf.project",35
"sa26377.pdf.elig",33
"sa26377.pdf.increas",25
"sa26377.pdf.cost",23
"sa26413.pdf.servic",47
"sa26413.pdf.broadband",44
"sa26413.pdf.measur",31
"sa26413.pdf.oper",27
"sa26413.pdf.provid",25
"sa26413.pdf.aid",23
"sa26413.pdf.author",21
"sa26413.pdf.select",20
"sa26413.pdf.econom",18
"sa26413.pdf.competit",16
"sa27517.pdf.aid",15
"sa27517.pdf.scheme",11
"sa27517.pdf.articl",10
"sa27517.pdf.axi",8
"sa27517.pdf.broadband",8
"sa27517.pdf.servic",8
"sa27517.pdf.treati",8
"sa27517.pdf.fund",6
"sa27517.pdf.provid",6
"sa27517.pdf.user",6
"sa28092.pdf.aid",17
"sa28092.pdf.oper",10
"sa28092.pdf.commiss",8
"sa28092.pdf.measur",7
"sa28092.pdf.amend",6
"sa28092.pdf.european",6
"sa28092.pdf.procedur",6
"sa28092.pdf.author",5
"sa28092.pdf.broadband",5
"sa28092.pdf.consult",5
"sa28156.pdf.broadband",63
"sa28156.pdf.aid",48
"sa28156.pdf.network",45
"sa28156.pdf.measur",43
"sa28156.pdf.servic",37
"sa28156.pdf.oper",36
"sa28156.pdf.public",30
"sa28156.pdf.infrastructur",27
"sa28156.pdf.author",26
"sa28156.pdf.market",25
"sa28192.pdf.broadband",69
"sa28192.pdf.network",48
"sa28192.pdf.servic",48
"sa28192.pdf.measur",47
"sa28192.pdf.oper",43
"sa28192.pdf.aid",36
"sa28192.pdf.infrastructur",31
"sa28192.pdf.author",27
"sa28192.pdf.lithuanian",26
"sa28192.pdf.econom",25
"sa28435.pdf.broadband",70
"sa28435.pdf.aid",48
"sa28435.pdf.municip",41
"sa28435.pdf.project",39
"sa28435.pdf.measur",38
"sa28435.pdf.niedersachsen",34
"sa28435.pdf.support",34
"sa28435.pdf.author",32
"sa28435.pdf.servic",32
"sa28435.pdf.fund",30
"sa28438.pdf.mobil",38
"sa28438.pdf.measur",33
"sa28438.pdf.aid",28
"sa28438.pdf.oper",28
"sa28438.pdf.commiss",22
"sa28438.pdf.servic",22
"sa28438.pdf.competit",15
"sa28438.pdf.avail",14
"sa28438.pdf.notifi",14
"sa28438.pdf.adig",13
"sa28665.pdf.aid",50
"sa28665.pdf.broadband",46
"sa28665.pdf.measur",35
"sa28665.pdf.author",29
"sa28665.pdf.spanish",29
"sa28665.pdf.commiss",27
"sa28665.pdf.servic",25
"sa28665.pdf.oper",24
"sa28665.pdf.invest",21
"sa28665.pdf.guidelin",16
"sa28845.pdf.broadband",80
"sa28845.pdf.duct",75
"sa28845.pdf.provid",47
"sa28845.pdf.support",47
"sa28845.pdf.oper",44
"sa28845.pdf.municip",40
"sa28845.pdf.fund",39
"sa28845.pdf.author",34
"sa28845.pdf.aid",33
"sa28845.pdf.german",30
"sa28969.pdf.network",132
"sa28969.pdf.servic",128
"sa28969.pdf.oper",126
"sa28969.pdf.broadband",122
"sa28969.pdf.infrastructur",105
"sa28969.pdf.author",103
"sa28969.pdf.spanish",91
"sa28969.pdf.public",78
"sa28969.pdf.aid",71
"sa28969.pdf.access",68
"sa29001.pdf.broadband",66
"sa29001.pdf.servic",57
"sa29001.pdf.measur",45
"sa29001.pdf.aid",44
"sa29001.pdf.lot",40
"sa29001.pdf.provid",33
"sa29001.pdf.author",28
"sa29001.pdf.busi",28
"sa29001.pdf.speed",24
"sa29001.pdf.competit",20
"sa29028.pdf.broadband",55
"sa29028.pdf.aid",49
"sa29028.pdf.oper",47
"sa29028.pdf.measur",37
"sa29028.pdf.servic",34
"sa29028.pdf.provid",33
"sa29028.pdf.network",32
"sa29028.pdf.author",30
"sa29028.pdf.infrastructur",29
"sa29028.pdf.invest",29
"sa29119.pdf.measur",61
"sa29119.pdf.broadband",57
"sa29119.pdf.oper",51
"sa29119.pdf.author",47
"sa29119.pdf.aid",46
"sa29119.pdf.network",42
"sa29119.pdf.access",39
"sa29119.pdf.servic",36
"sa29119.pdf.provid",35
"sa29119.pdf.competit",32
"sa29606.pdf.servic",51
"sa29606.pdf.aid",50
"sa29606.pdf.network",50
"sa29606.pdf.broadband",48
"sa29606.pdf.measur",43
"sa29606.pdf.provid",38
"sa29606.pdf.author",36
"sa29606.pdf.oper",36
"sa29606.pdf.access",32
"sa29606.pdf.nga",32
"sa29706.pdf.aid",57
"sa29706.pdf.broadband",52
"sa29706.pdf.oper",40
"sa29706.pdf.measur",34
"sa29706.pdf.servic",33
"sa29706.pdf.author",32
"sa29706.pdf.commiss",27
"sa29706.pdf.italian",26
"sa29706.pdf.invest",25
"sa29706.pdf.network",25
"sa29729.pdf.measur",27
"sa29729.pdf.broadband",24
"sa29729.pdf.servic",24
"sa29729.pdf.ireland",17
"sa29729.pdf.aid",16
"sa29729.pdf.provid",16
"sa29729.pdf.commiss",15
"sa29729.pdf.articl",9
"sa29729.pdf.provis",8
"sa29729.pdf.select",8
"sa297291.pdf.measur",27
"sa297291.pdf.broadband",24
"sa297291.pdf.servic",24
"sa297291.pdf.ireland",17
"sa297291.pdf.aid",16
"sa297291.pdf.provid",16
"sa297291.pdf.commiss",15
"sa297291.pdf.articl",9
"sa297291.pdf.provis",8
"sa297291.pdf.select",8
"sa29775.pdf.oper",50
"sa29775.pdf.servic",49
"sa29775.pdf.aid",47
"sa29775.pdf.measur",44
"sa29775.pdf.broadband",40
"sa29775.pdf.author",39
"sa29775.pdf.select",33
"sa29775.pdf.access",32
"sa29775.pdf.infrastructur",31
"sa29775.pdf.network",31
"sa29826.pdf.broadband",62
"sa29826.pdf.oper",44
"sa29826.pdf.measur",42
"sa29826.pdf.aid",38
"sa29826.pdf.network",38
"sa29826.pdf.infrastructur",35
"sa29826.pdf.italian",26
"sa29826.pdf.access",22
"sa29826.pdf.provid",21
"sa29826.pdf.rural",21
"sa29874.pdf.network",88
"sa29874.pdf.servic",72
"sa29874.pdf.broadband",42
"sa29874.pdf.oper",42
"sa29874.pdf.econom",37
"sa29874.pdf.provid",34
"sa29874.pdf.access",33
"sa29874.pdf.public",30
"sa29874.pdf.aid",29
"sa29874.pdf.estonia",28
"sa30296.pdf.broadband",61
"sa30296.pdf.aid",53
"sa30296.pdf.measur",40
"sa30296.pdf.network",39
"sa30296.pdf.oper",36
"sa30296.pdf.access",34
"sa30296.pdf.author",31
"sa30296.pdf.swedish",22
"sa30296.pdf.infrastructur",21
"sa30296.pdf.paragraph",20
"sa30317.pdf.aid",42
"sa30317.pdf.measur",38
"sa30317.pdf.broadband",37
"sa30317.pdf.oper",37
"sa30317.pdf.network",32
"sa30317.pdf.author",26
"sa30317.pdf.servic",26
"sa30317.pdf.access",24
"sa30317.pdf.competit",24
"sa30317.pdf.select",21
"sa303171.pdf.broadband",43
"sa303171.pdf.aid",40
"sa303171.pdf.oper",39
"sa303171.pdf.measur",37
"sa303171.pdf.network",34
"sa303171.pdf.author",28
"sa303171.pdf.servic",28
"sa303171.pdf.competit",26
"sa303171.pdf.access",25
"sa303171.pdf.provid",23
"sa30705.pdf.measur",26
"sa30705.pdf.broadband",24
"sa30705.pdf.aid",21
"sa30705.pdf.commiss",20
"sa30705.pdf.author",13
"sa30705.pdf.servic",13
"sa30705.pdf.oper",12
"sa30705.pdf.articl",11
"sa30705.pdf.german",11
"sa30705.pdf.guidelin",10
"sa30791.pdf.measur",28
"sa30791.pdf.aid",27
"sa30791.pdf.commiss",24
"sa30791.pdf.network",17
"sa30791.pdf.broadband",12
"sa30791.pdf.oper",12
"sa30791.pdf.access",10
"sa30791.pdf.author",10
"sa30791.pdf.grant",9
"sa30791.pdf.articl",8
"sa31219.pdf.broadband",33
"sa31219.pdf.measur",24
"sa31219.pdf.aid",23
"sa31219.pdf.author",21
"sa31219.pdf.commiss",20
"sa31219.pdf.german",17
"sa31219.pdf.oper",12
"sa31219.pdf.scheme",12
"sa31219.pdf.servic",12
"sa31219.pdf.provid",11
"sa31229.pdf.aid",51
"sa31229.pdf.broadband",48
"sa31229.pdf.network",34
"sa31229.pdf.measur",33
"sa31229.pdf.infrastructur",30
"sa31229.pdf.oper",30
"sa31229.pdf.access",28
"sa31229.pdf.author",26
"sa31229.pdf.spanish",20
"sa31229.pdf.solut",19
"sa31230.pdf.broadband",60
"sa31230.pdf.aid",41
"sa31230.pdf.measur",40
"sa31230.pdf.servic",30
"sa31230.pdf.competit",24
"sa31230.pdf.oper",22
"sa31230.pdf.provid",22
"sa31230.pdf.author",20
"sa31230.pdf.commiss",19
"sa31230.pdf.access",18
"sa31346.pdf.broadband",48
"sa31346.pdf.aid",43
"sa31346.pdf.infrastructur",29
"sa31346.pdf.network",27
"sa31346.pdf.measur",24
"sa31346.pdf.oper",23
"sa31346.pdf.competit",16
"sa31346.pdf.invest",16
"sa31346.pdf.object",16
"sa31346.pdf.access",15
"sa31687.pdf.region",85
"sa31687.pdf.oper",70
"sa31687.pdf.infrastructur",68
"sa31687.pdf.network",67
"sa31687.pdf.servic",62
"sa31687.pdf.broadband",60
"sa31687.pdf.author",56
"sa31687.pdf.aid",49
"sa31687.pdf.access",48
"sa31687.pdf.measur",48
"sa31729.pdf.broadband",43
"sa31729.pdf.aid",38
"sa31729.pdf.infrastructur",36
"sa31729.pdf.network",31
"sa31729.pdf.oper",30
"sa31729.pdf.access",29
"sa31729.pdf.exist",26
"sa31729.pdf.germani",23
"sa31729.pdf.measur",23
"sa31729.pdf.author",20
"sa31851.pdf.broadband",59
"sa31851.pdf.aid",48
"sa31851.pdf.measur",46
"sa31851.pdf.servic",29
"sa31851.pdf.author",28
"sa31851.pdf.commiss",27
"sa31851.pdf.competit",26
"sa31851.pdf.oper",25
"sa31851.pdf.network",23
"sa31851.pdf.provid",23
"sa32021.pdf.scheme",15
"sa32021.pdf.aid",11
"sa32021.pdf.broadband",11
"sa32021.pdf.commiss",10
"sa32021.pdf.amend",7
"sa32021.pdf.articl",7
"sa32021.pdf.support",7
"sa32021.pdf.eur",5
"sa32021.pdf.tfeu",5
"sa32021.pdf.guidelin",4
"sa32037.pdf.broadband",61
"sa32037.pdf.aid",51
"sa32037.pdf.measur",40
"sa32037.pdf.access",27
"sa32037.pdf.author",22
"sa32037.pdf.v√§stra",21
"sa32037.pdf.network",19
"sa32037.pdf.commiss",18
"sa32037.pdf.oper",17
"sa32037.pdf.region",17
"sa32309.pdf.framework",39
"sa32309.pdf.nga",36
"sa32309.pdf.oper",30
"sa32309.pdf.broadband",29
"sa32309.pdf.regul",29
"sa32309.pdf.infrastructur",28
"sa32309.pdf.exist",25
"sa32309.pdf.access",23
"sa32309.pdf.network",23
"sa32309.pdf.support",22
"sa32829.pdf.measur",19
"sa32829.pdf.broadband",17
"sa32829.pdf.commiss",12
"sa32829.pdf.aid",11
"sa32829.pdf.provid",10
"sa32829.pdf.articl",9
"sa32829.pdf.servic",9
"sa32829.pdf.oper",8
"sa32829.pdf.access",7
"sa32829.pdf.compat",7
"sa32866.pdf.greek",38
"sa32866.pdf.author",37
"sa32866.pdf.broadband",37
"sa32866.pdf.measur",35
"sa32866.pdf.oper",34
"sa32866.pdf.network",33
"sa32866.pdf.aid",31
"sa32866.pdf.access",27
"sa32866.pdf.servic",26
"sa32866.pdf.infrastructur",21
"sa33077.pdf.broadband",27
"sa33077.pdf.measur",26
"sa33077.pdf.servic",19
"sa33077.pdf.provid",17
"sa33077.pdf.access",16
"sa33077.pdf.commiss",16
"sa33077.pdf.network",16
"sa33077.pdf.aid",14
"sa33077.pdf.guidelin",14
"sa33077.pdf.infrastructur",10
"sa33092.pdf.broadband",124
"sa33092.pdf.infrastructur",114
"sa33092.pdf.oper",111
"sa33092.pdf.network",102
"sa33092.pdf.author",90
"sa33092.pdf.servic",88
"sa33092.pdf.nga",77
"sa33092.pdf.access",74
"sa33092.pdf.polish",62
"sa33092.pdf.provid",56
"sa33099.pdf.measur",12
"sa33099.pdf.network",12
"sa33099.pdf.aid",10
"sa33099.pdf.articl",8
"sa33099.pdf.broadband",8
"sa33099.pdf.oper",8
"sa33099.pdf.commiss",7
"sa33099.pdf.servic",7
"sa33099.pdf.access",6
"sa33099.pdf.author",6
"sa33151.pdf.network",68
"sa33151.pdf.broadband",55
"sa33151.pdf.oper",41
"sa33151.pdf.servic",41
"sa33151.pdf.access",34
"sa33151.pdf.author",34
"sa33151.pdf.measur",30
"sa33151.pdf.slovak",29
"sa33151.pdf.aid",28
"sa33151.pdf.infrastructur",27
"sa33221.pdf.aid",20
"sa33221.pdf.commiss",19
"sa33221.pdf.scheme",16
"sa33221.pdf.budget",11
"sa33221.pdf.articl",9
"sa33221.pdf.measur",8
"sa33221.pdf.million",8
"sa33221.pdf.sek",7
"sa33221.pdf.sweden",7
"sa33221.pdf.tfeu",7
"sa33222.pdf.infrastructur",137
"sa33222.pdf.broadband",132
"sa33222.pdf.oper",132
"sa33222.pdf.network",123
"sa33222.pdf.author",100
"sa33222.pdf.access",98
"sa33222.pdf.servic",92
"sa33222.pdf.wss",83
"sa33222.pdf.nga",82
"sa33222.pdf.polish",68
"sa33324.pdf.network",95
"sa33324.pdf.oper",55
"sa33324.pdf.broadband",50
"sa33324.pdf.servic",43
"sa33324.pdf.aid",42
"sa33324.pdf.access",37
"sa33324.pdf.infrastructur",34
"sa33324.pdf.measur",32
"sa33324.pdf.provid",31
"sa33324.pdf.competit",29
"sa33364.pdf.aid",54
"sa33364.pdf.broadband",46
"sa33364.pdf.measur",42
"sa33364.pdf.paragraph",30
"sa33364.pdf.oper",27
"sa33364.pdf.commiss",22
"sa33364.pdf.provid",17
"sa33364.pdf.network",16
"sa33364.pdf.guidelin",15
"sa33364.pdf.market",15
"sa33386.pdf.broadband",129
"sa33386.pdf.oper",113
"sa33386.pdf.infrastructur",110
"sa33386.pdf.network",103
"sa33386.pdf.author",86
"sa33386.pdf.servic",84
"sa33386.pdf.access",83
"sa33386.pdf.nga",76
"sa33386.pdf.polish",62
"sa33386.pdf.provid",58
"sa33420.pdf.aid",22
"sa33420.pdf.commiss",14
"sa33420.pdf.measur",14
"sa33420.pdf.broadband",10
"sa33420.pdf.author",7
"sa33420.pdf.scheme",7
"sa33420.pdf.amount",6
"sa33420.pdf.bayern",6
"sa33420.pdf.germani",6
"sa33420.pdf.procedur",6
"sa33438.pdf.oper",133
"sa33438.pdf.broadband",130
"sa33438.pdf.infrastructur",127
"sa33438.pdf.network",118
"sa33438.pdf.author",93
"sa33438.pdf.servic",92
"sa33438.pdf.access",90
"sa33438.pdf.nga",81
"sa33438.pdf.polish",80
"sa33438.pdf.provid",58
"sa33473.pdf.broadband",133
"sa33473.pdf.oper",128
"sa33473.pdf.network",125
"sa33473.pdf.infrastructur",119
"sa33473.pdf.author",101
"sa33473.pdf.nga",90
"sa33473.pdf.access",87
"sa33473.pdf.servic",86
"sa33473.pdf.polish",79
"sa33473.pdf.provid",59
"sa33641.pdf.network",66
"sa33641.pdf.greek",50
"sa33641.pdf.servic",50
"sa33641.pdf.aid",49
"sa33641.pdf.author",49
"sa33641.pdf.oper",43
"sa33641.pdf.broadband",42
"sa33641.pdf.measur",42
"sa33641.pdf.access",37
"sa33641.pdf.provid",35
"sa33656.pdf.network",137
"sa33656.pdf.backhaul",87
"sa33656.pdf.servic",87
"sa33656.pdf.oper",82
"sa33656.pdf.infrastructur",71
"sa33656.pdf.broadband",68
"sa33656.pdf.access",66
"sa33656.pdf.provid",60
"sa33656.pdf.nga",49
"sa33656.pdf.author",48
"sa33671.pdf.access",147
"sa33671.pdf.broadband",141
"sa33671.pdf.aid",79
"sa33671.pdf.oper",75
"sa33671.pdf.network",71
"sa33671.pdf.infrastructur",68
"sa33671.pdf.wholesal",60
"sa33671.pdf.fund",56
"sa33671.pdf.provid",56
"sa33671.pdf.market",54
"sa33807.pdf.broadband",86
"sa33807.pdf.infrastructur",71
"sa33807.pdf.aid",57
"sa33807.pdf.network",57
"sa33807.pdf.author",51
"sa33807.pdf.italian",50
"sa33807.pdf.measur",50
"sa33807.pdf.oper",49
"sa33807.pdf.access",48
"sa33807.pdf.provid",32
"sa33869.pdf.aid",21
"sa33869.pdf.measur",14
"sa33869.pdf.commiss",12
"sa33869.pdf.broadband",10
"sa33869.pdf.author",7
"sa33869.pdf.scheme",7
"sa33869.pdf.amount",6
"sa33869.pdf.bayern",6
"sa33869.pdf.germani",6
"sa33869.pdf.markt",6
"sa34031.pdf.oper",73
"sa34031.pdf.broadband",63
"sa34031.pdf.servic",58
"sa34031.pdf.measur",52
"sa34031.pdf.network",51
"sa34031.pdf.aid",42
"sa34031.pdf.access",41
"sa34031.pdf.infrastructur",39
"sa34031.pdf.region",39
"sa34031.pdf.provid",34
"sa34166.pdf.network",31
"sa34166.pdf.broadband",23
"sa34166.pdf.measur",18
"sa34166.pdf.oper",15
"sa34166.pdf.aid",12
"sa34166.pdf.servic",12
"sa34166.pdf.author",11
"sa34166.pdf.lithuanian",11
"sa34166.pdf.offer",9
"sa34166.pdf.project",9
"sa34188.pdf.broadband",29
"sa34188.pdf.aid",24
"sa34188.pdf.commiss",23
"sa34188.pdf.measur",22
"sa34188.pdf.guidelin",12
"sa34188.pdf.nga",12
"sa34188.pdf.paragraph",12
"sa34188.pdf.decis",11
"sa34188.pdf.exist",11
"sa34188.pdf.oper",10
"sa34199.pdf.broadband",58
"sa34199.pdf.aid",57
"sa34199.pdf.oper",51
"sa34199.pdf.access",48
"sa34199.pdf.infrastructur",47
"sa34199.pdf.author",42
"sa34199.pdf.measur",39
"sa34199.pdf.network",39
"sa34199.pdf.public",38
"sa34199.pdf.italian",34
"sa34290.pdf.aid",21
"sa34290.pdf.author",9
"sa34290.pdf.broadband",9
"sa34290.pdf.finnish",9
"sa34290.pdf.measur",8
"sa34290.pdf.act",7
"sa34290.pdf.articl",7
"sa34290.pdf.fund",7
"sa34290.pdf.commiss",6
"sa34290.pdf.loan",6
"sa34665.pdf.public",29
"sa34665.pdf.servic",28
"sa34665.pdf.author",17
"sa34665.pdf.broadband",16
"sa34665.pdf.network",16
"sa34665.pdf.administr",13
"sa34665.pdf.measur",12
"sa34665.pdf.project",11
"sa34665.pdf.provid",11
"sa34665.pdf.commiss",10
"sa34708.pdf.network",125
"sa34708.pdf.broadband",100
"sa34708.pdf.infrastructur",99
"sa34708.pdf.author",88
"sa34708.pdf.oper",88
"sa34708.pdf.servic",82
"sa34708.pdf.access",78
"sa34708.pdf.backhaul",71
"sa34708.pdf.aid",68
"sa34708.pdf.polish",60
"sa34732.pdf.network",60
"sa34732.pdf.author",47
"sa34732.pdf.oper",43
"sa34732.pdf.public",43
"sa34732.pdf.broadband",39
"sa34732.pdf.infrastructur",38
"sa34732.pdf.measur",36
"sa34732.pdf.aid",34
"sa34732.pdf.italian",31
"sa34732.pdf.servic",28
"sa34809.pdf.aid",33
"sa34809.pdf.broadband",32
"sa34809.pdf.measur",29
"sa34809.pdf.network",28
"sa34809.pdf.nga",23
"sa34809.pdf.oper",22
"sa34809.pdf.commiss",21
"sa34809.pdf.germani",20
"sa34809.pdf.infrastructur",17
"sa34809.pdf.object",14
"sa34845.pdf.measur",13
"sa34845.pdf.aid",7
"sa34845.pdf.claw",7
"sa34845.pdf.amount",5
"sa34845.pdf.broadband",5
"sa34845.pdf.mechan",5
"sa34845.pdf.author",4
"sa34845.pdf.commiss",4
"sa34845.pdf.cost",4
"sa34845.pdf.accord",3
"sa34932.pdf.network",132
"sa34932.pdf.broadband",107
"sa34932.pdf.infrastructur",100
"sa34932.pdf.author",97
"sa34932.pdf.access",93
"sa34932.pdf.oper",93
"sa34932.pdf.servic",78
"sa34932.pdf.polish",66
"sa34932.pdf.aid",62
"sa34932.pdf.plan",62
"sa35000.pdf.network",66
"sa35000.pdf.measur",58
"sa35000.pdf.broadband",54
"sa35000.pdf.municip",53
"sa35000.pdf.oper",50
"sa35000.pdf.aid",44
"sa35000.pdf.servic",38
"sa35000.pdf.access",36
"sa35000.pdf.nga",34
"sa35000.pdf.recit",33
"sa35027.pdf.broadband",101
"sa35027.pdf.oper",95
"sa35027.pdf.servic",94
"sa35027.pdf.infrastructur",89
"sa35027.pdf.author",84
"sa35027.pdf.network",76
"sa35027.pdf.access",69
"sa35027.pdf.public",67
"sa35027.pdf.project",58
"sa35027.pdf.aid",56
"sa35028.pdf.broadband",101
"sa35028.pdf.oper",95
"sa35028.pdf.servic",94
"sa35028.pdf.infrastructur",89
"sa35028.pdf.author",84
"sa35028.pdf.network",76
"sa35028.pdf.access",69
"sa35028.pdf.public",67
"sa35028.pdf.project",58
"sa35028.pdf.aid",56
"sa35029.pdf.broadband",101
"sa35029.pdf.oper",95
"sa35029.pdf.servic",94
"sa35029.pdf.infrastructur",89
"sa35029.pdf.author",84
"sa35029.pdf.network",76
"sa35029.pdf.access",69
"sa35029.pdf.public",67
"sa35029.pdf.project",58
"sa35029.pdf.aid",56
"sa35060.pdf.mobil",41
"sa35060.pdf.infrastructur",31
"sa35060.pdf.mnos",30
"sa35060.pdf.mip",29
"sa35060.pdf.aid",27
"sa35060.pdf.oper",23
"sa35060.pdf.servic",20
"sa35060.pdf.measur",19
"sa35060.pdf.coverag",18
"sa35060.pdf.site",18
"sa35233.pdf.aid",22
"sa35233.pdf.commiss",13
"sa35233.pdf.broadband",8
"sa35233.pdf.intens",8
"sa35233.pdf.articl",7
"sa35233.pdf.increas",6
"sa35233.pdf.measur",6
"sa35233.pdf.scheme",6
"sa35233.pdf.origin",5
"sa35233.pdf.tfeu",5
"sa35562.pdf.network",61
"sa35562.pdf.aid",39
"sa35562.pdf.broadband",36
"sa35562.pdf.oper",36
"sa35562.pdf.access",32
"sa35562.pdf.measur",32
"sa35562.pdf.servic",27
"sa35562.pdf.infrastructur",25
"sa35562.pdf.nga",24
"sa35562.pdf.market",21
"sa35834.pdf.aid",59
"sa35834.pdf.measur",48
"sa35834.pdf.access",45
"sa35834.pdf.broadband",45
"sa35834.pdf.oper",41
"sa35834.pdf.network",33
"sa35834.pdf.infrastructur",30
"sa35834.pdf.paragraph",26
"sa35834.pdf.competit",25
"sa35834.pdf.author",23
"sa35913.pdf.aid",30
"sa35913.pdf.commiss",20
"sa35913.pdf.scheme",19
"sa35913.pdf.million",13
"sa35913.pdf.budget",12
"sa35913.pdf.sek",12
"sa35913.pdf.amend",10
"sa35913.pdf.articl",10
"sa35913.pdf.increas",10
"sa35913.pdf.sweden",10
"sa35949.pdf.network",104
"sa35949.pdf.broadband",80
"sa35949.pdf.infrastructur",80
"sa35949.pdf.servic",72
"sa35949.pdf.oper",69
"sa35949.pdf.backhaul",63
"sa35949.pdf.author",59
"sa35949.pdf.access",57
"sa35949.pdf.aid",54
"sa35949.pdf.polish",49
"sa36132.pdf.network",47
"sa36132.pdf.broadband",44
"sa36132.pdf.project",39
"sa36132.pdf.rural",36
"sa36132.pdf.develop",31
"sa36132.pdf.infrastructur",31
"sa36132.pdf.rain",27
"sa36132.pdf.author",24
"sa36132.pdf.measur",22
"sa36132.pdf.oper",22
"sa36234.pdf.network",102
"sa36234.pdf.infrastructur",83
"sa36234.pdf.oper",66
"sa36234.pdf.backhaul",64
"sa36234.pdf.broadband",64
"sa36234.pdf.author",59
"sa36234.pdf.servic",58
"sa36234.pdf.bulgarian",50
"sa36234.pdf.aid",46
"sa36234.pdf.access",43
"sa36601.pdf.access",52
"sa36601.pdf.aid",38
"sa36601.pdf.network",31
"sa36601.pdf.oper",31
"sa36601.pdf.measur",30
"sa36601.pdf.price",29
"sa36601.pdf.recit",28
"sa36601.pdf.wholesal",24
"sa36601.pdf.broadband",22
"sa36601.pdf.infrastructur",22
"sa36703.pdf.aid",26
"sa36703.pdf.network",17
"sa36703.pdf.broadband",16
"sa36703.pdf.commiss",14
"sa36703.pdf.measur",14
"sa36703.pdf.guidelin",13
"sa36703.pdf.paragraph",9
"sa36703.pdf.avail",8
"sa36703.pdf.inform",8
"sa36703.pdf.access",7
"sa36918.pdf.network",84
"sa36918.pdf.connect",82
"sa36918.pdf.baltic",69
"sa36918.pdf.cabl",65
"sa36918.pdf.finnish",59
"sa36918.pdf.author",57
"sa36918.pdf.infrastructur",51
"sa36918.pdf.servic",48
"sa36918.pdf.oper",47
"sa36918.pdf.provid",46
"sa37558.pdf.broadband",84
"sa37558.pdf.network",81
"sa37558.pdf.oper",81
"sa37558.pdf.infrastructur",78
"sa37558.pdf.access",76
"sa37558.pdf.servic",60
"sa37558.pdf.author",48
"sa37558.pdf.measur",47
"sa37558.pdf.provid",44
"sa37558.pdf.aid",43
"sa37682.pdf.aid",13
"sa37682.pdf.commiss",13
"sa37682.pdf.measur",12
"sa37682.pdf.inform",8
"sa37682.pdf.network",8
"sa37682.pdf.articl",5
"sa37682.pdf.broadband",5
"sa37682.pdf.germani",5
"sa37682.pdf.avail",4
"sa37682.pdf.brandenburg",4
"sa37685.pdf.aid",83
"sa37685.pdf.project",57
"sa37685.pdf.broadband",51
"sa37685.pdf.network",44
"sa37685.pdf.scheme",26
"sa37685.pdf.finland",23
"sa37685.pdf.oper",23
"sa37685.pdf.applic",21
"sa37685.pdf.access",20
"sa37685.pdf.accord",20
"sa37812.pdf.aid",9
"sa37812.pdf.commiss",7
"sa37812.pdf.june",5
"sa37812.pdf.region",5
"sa37812.pdf.approv",4
"sa37812.pdf.prolong",4
"sa37812.pdf.scheme",4
"sa37812.pdf.rag",3
"sa37812.pdf.applic",2
"sa37812.pdf.brussel",2
"sa37860.pdf.broadband",11
"sa37860.pdf.network",11
"sa37860.pdf.commiss",10
"sa37860.pdf.measur",10
"sa37860.pdf.aid",9
"sa37860.pdf.greec",6
"sa37860.pdf.inform",6
"sa37860.pdf.access",5
"sa37860.pdf.author",5
"sa37860.pdf.decemb",5
"sa37864.pdf.measur",19
"sa37864.pdf.broadband",18
"sa37864.pdf.aid",17
"sa37864.pdf.commiss",17
"sa37864.pdf.network",14
"sa37864.pdf.guidelin",13
"sa37864.pdf.inform",11
"sa37864.pdf.notifi",8
"sa37864.pdf.articl",7
"sa37864.pdf.author",7
"sa38025.pdf.broadband",40
"sa38025.pdf.scheme",31
"sa38025.pdf.aid",29
"sa38025.pdf.commiss",25
"sa38025.pdf.guidelin",24
"sa38025.pdf.author",23
"sa38025.pdf.italian",21
"sa38025.pdf.network",20
"sa38025.pdf.inform",19
"sa38025.pdf.infrastructur",19
"sa38348.pdf.measur",31
"sa38348.pdf.aid",30
"sa38348.pdf.network",24
"sa38348.pdf.commiss",22
"sa38348.pdf.broadband",17
"sa38348.pdf.access",16
"sa38348.pdf.oper",16
"sa38348.pdf.servic",14
"sa38348.pdf.nga",12
"sa38348.pdf.market",11
"sa38626.pdf.network",87
"sa38626.pdf.oper",81
"sa38626.pdf.access",76
"sa38626.pdf.infrastructur",68
"sa38626.pdf.aid",66
"sa38626.pdf.broadband",58
"sa38626.pdf.measur",52
"sa38626.pdf.public",52
"sa38626.pdf.project",44
"sa38626.pdf.nra",40
"sa38690.pdf.measur",57
"sa38690.pdf.access",55
"sa38690.pdf.aid",52
"sa38690.pdf.broadband",48
"sa38690.pdf.network",48
"sa38690.pdf.oper",44
"sa38690.pdf.recit",41
"sa38690.pdf.infrastructur",40
"sa38690.pdf.price",40
"sa38690.pdf.amend",36
"sa39089.pdf.mobil",43
"sa39089.pdf.oper",39
"sa39089.pdf.servic",34
"sa39089.pdf.infrastructur",33
"sa39089.pdf.aid",30
"sa39089.pdf.measur",26
"sa39089.pdf.network",25
"sa39089.pdf.broadband",22
"sa39089.pdf.author",21
"sa39089.pdf.provid",21
"sa39090.pdf.mobil",43
"sa39090.pdf.oper",39
"sa39090.pdf.servic",34
"sa39090.pdf.infrastructur",33
"sa39090.pdf.aid",30
"sa39090.pdf.measur",26
"sa39090.pdf.network",25
"sa39090.pdf.broadband",22
"sa39090.pdf.author",21
"sa39090.pdf.provid",21
"sa39518.pdf.network",46
"sa39518.pdf.oper",44
"sa39518.pdf.infrastructur",35
"sa39518.pdf.aid",33
"sa39518.pdf.measur",30
"sa39518.pdf.broadband",29
"sa39518.pdf.servic",26
"sa39518.pdf.provid",24
"sa39518.pdf.access",23
"sa39518.pdf.nga",20
"sa40720.pdf.access",231
"sa40720.pdf.broadband",155
"sa40720.pdf.infrastructur",154
"sa40720.pdf.provid",148
"sa40720.pdf.implement",120
"sa40720.pdf.network",110
"sa40720.pdf.requir",109
"sa40720.pdf.bodi",107
"sa40720.pdf.aid",106
"sa40720.pdf.public",105
"sa41065.pdf.network",116
"sa41065.pdf.oper",106
"sa41065.pdf.infrastructur",102
"sa41065.pdf.backhaul",85
"sa41065.pdf.market",73
"sa41065.pdf.access",71
"sa41065.pdf.incumb",68
"sa41065.pdf.scheme",67
"sa41065.pdf.servic",50
"sa41065.pdf.broadband",49
"sa41175.pdf.aid",43
"sa41175.pdf.measur",30
"sa41175.pdf.evalu",29
"sa41175.pdf.commiss",19
"sa41175.pdf.effect",18
"sa41175.pdf.scheme",18
"sa41175.pdf.broadband",17
"sa41175.pdf.access",16
"sa41175.pdf.servic",16
"sa41175.pdf.austria",14
"sa41416.pdf.aid",31
"sa41416.pdf.network",31
"sa41416.pdf.measur",29
"sa41416.pdf.nga",23
"sa41416.pdf.broadband",17
"sa41416.pdf.oper",17
"sa41416.pdf.commiss",16
"sa41416.pdf.infrastructur",13
"sa41416.pdf.market",13
"sa41416.pdf.municip",13
"sa43404.pdf.commiss",3
"sa43404.pdf.address",1
"sa43404.pdf.aid",1
"sa43404.pdf.brussel",1
"sa43404.pdf.competit",1
"sa43404.pdf.director",1
"sa43404.pdf.electron",1
"sa43404.pdf.european",1
"sa43404.pdf.faith",1
"sa43404.pdf.follow",1
"sa43484.pdf.aid",59
"sa43484.pdf.evalu",59
"sa43484.pdf.scheme",52
"sa43484.pdf.commiss",23
"sa43484.pdf.plan",20
"sa43484.pdf.gber",19
"sa43484.pdf.poland",18
"sa43484.pdf.articl",17
"sa43484.pdf.effect",13
"sa43484.pdf.result",12
"sa46203.pdf.oper",77
"sa46203.pdf.network",73
"sa46203.pdf.access",59
"sa46203.pdf.infrastructur",47
"sa46203.pdf.broadband",46
"sa46203.pdf.public",44
"sa46203.pdf.poland",41
"sa46203.pdf.nga",33
"sa46203.pdf.subsidis",32
"sa46203.pdf.scheme",31
"sa46372.pdf.network",67
"sa46372.pdf.broadband",63
"sa46372.pdf.measur",63
"sa46372.pdf.author",54
"sa46372.pdf.lithuanian",53
"sa46372.pdf.infrastructur",47
"sa46372.pdf.oper",43
"sa46372.pdf.aid",42
"sa46372.pdf.access",40
"sa46372.pdf.prip",36
"sa46613.pdf.aid",28
"sa46613.pdf.network",28
"sa46613.pdf.broadband",23
"sa46613.pdf.access",22
"sa46613.pdf.measur",22
"sa46613.pdf.provid",16
"sa46613.pdf.competit",15
"sa46613.pdf.infrastructur",15
"sa46613.pdf.market",15
"sa46613.pdf.servic",15
"sa46731.pdf.broadband",21
"sa46731.pdf.aid",17
"sa46731.pdf.austria",17
"sa46731.pdf.measur",15
"sa46731.pdf.provid",15
"sa46731.pdf.competit",13
"sa46731.pdf.infrastructur",13
"sa46731.pdf.market",13
"sa46731.pdf.privat",11
"sa46731.pdf.servic",11
"sa46805.pdf.access",115
"sa46805.pdf.vula",78
"sa46805.pdf.offer",70
"sa46805.pdf.germani",60
"sa46805.pdf.product",59
"sa46805.pdf.seeker",56
"sa46805.pdf.nga",44
"sa46805.pdf.cabinet",42
"sa46805.pdf.handov",42
"sa46805.pdf.level",41
"sa48325.pdf.access",108
"sa48325.pdf.broadband",97
"sa48325.pdf.austria",88
"sa48325.pdf.network",87
"sa48325.pdf.upper",83
"sa48325.pdf.feder",80
"sa48325.pdf.aid",76
"sa48325.pdf.infrastructur",72
"sa48325.pdf.author",65
"sa48325.pdf.wholesal",64
"sa48418.pdf.target",82
"sa48418.pdf.network",76
"sa48418.pdf.measur",73
"sa48418.pdf.speed",71
"sa48418.pdf.infrastructur",66
"sa48418.pdf.mbps",49
"sa48418.pdf.provid",44
"sa48418.pdf.broadband",43
"sa48418.pdf.aid",41
"sa48418.pdf.compani",41
"sa49445.pdf.commiss",9
"sa49445.pdf.decis",8
"sa49445.pdf.scheme",7
"sa49445.pdf.aid",6
"sa49445.pdf.budget",6
"sa49445.pdf.recit",6
"sa49445.pdf.addit",5
"sa49445.pdf.author",5
"sa49445.pdf.accord",4
"sa49445.pdf.articl",4
"sa49614.pdf.network",89
"sa49614.pdf.infrastructur",83
"sa49614.pdf.measur",74
"sa49614.pdf.broadband",71
"sa49614.pdf.access",68
"sa49614.pdf.author",56
"sa49614.pdf.oper",52
"sa49614.pdf.lithuanian",51
"sa49614.pdf.aid",47
"sa49614.pdf.ngn",46
"sa49935.pdf.servic",60
"sa49935.pdf.evalu",53
"sa49935.pdf.measur",53
"sa49935.pdf.aid",45
"sa49935.pdf.commiss",43
"sa49935.pdf.sfbb",35
"sa49935.pdf.author",31
"sa49935.pdf.scheme",31
"sa49935.pdf.greek",30
"sa49935.pdf.broadband",28
"sa50844.pdf.measur",79
"sa50844.pdf.network",78
"sa50844.pdf.infrastructur",75
"sa50844.pdf.broadband",59
"sa50844.pdf.styria",59
"sa50844.pdf.aid",58
"sa50844.pdf.nga",49
"sa50844.pdf.passiv",49
"sa50844.pdf.access",47
"sa50844.pdf.provid",46
"sa52224.pdf.network",79
"sa52224.pdf.access",75
"sa52224.pdf.carinthia",64
"sa52224.pdf.measur",63
"sa52224.pdf.infrastructur",60
"sa52224.pdf.broadband",53
"sa52224.pdf.aid",50
"sa52224.pdf.market",43
"sa52224.pdf.ngangn",42
"sa52224.pdf.provid",40
"sa52732.pdf.network",126
"sa52732.pdf.measur",122
"sa52732.pdf.infrastructur",110
"sa52732.pdf.target",97
"sa52732.pdf.oper",74
"sa52732.pdf.aid",71
"sa52732.pdf.provid",70
"sa52732.pdf.access",69
"sa52732.pdf.speed",67
"sa52732.pdf.germani",65
"sa54668.pdf.network",98
"sa54668.pdf.measur",76
"sa54668.pdf.target",75
"sa54668.pdf.infrastructur",64
"sa54668.pdf.speed",61
"sa54668.pdf.aid",57
"sa54668.pdf.mbps",51
"sa54668.pdf.oper",45
"sa54668.pdf.broadband",43
"sa54668.pdf.provid",41
"sa54684.pdf.mobil",118
"sa54684.pdf.infrastructur",74
"sa54684.pdf.aid",57
"sa54684.pdf.network",56
"sa54684.pdf.measur",52
"sa54684.pdf.servic",50
"sa54684.pdf.brandenburg",48
"sa54684.pdf.passiv",46
"sa54684.pdf.access",42
"sa54684.pdf.support",40
"sa55578.pdf.mobil",101
"sa55578.pdf.infrastructur",59
"sa55578.pdf.network",50
"sa55578.pdf.author",49
"sa55578.pdf.provid",49
"sa55578.pdf.aid",46
"sa55578.pdf.passiv",44
"sa55578.pdf.support",44
"sa55578.pdf.hessen",40
"sa55578.pdf.land",40
"sa56426.pdf.mobil",113
"sa56426.pdf.servic",55
"sa56426.pdf.network",50
"sa56426.pdf.infrastructur",46
"sa56426.pdf.measur",42
"sa56426.pdf.aid",41
"sa56426.pdf.passiv",33
"sa56426.pdf.provid",33
"sa56426.pdf.competit",31
"sa56426.pdf.access",30
"sa56599.pdf.decis",19
"sa56599.pdf.recit",17
"sa56599.pdf.evalu",15
"sa56599.pdf.scheme",14
"sa56599.pdf.commiss",13
"sa56599.pdf.aid",11
"sa56599.pdf.report",10
"sa56599.pdf.submit",10
"sa56599.pdf.measur",8
"sa56599.pdf.author",7
"sa57216.pdf.mobil",120
"sa57216.pdf.measur",106
"sa57216.pdf.author",95
"sa57216.pdf.aid",84
"sa57216.pdf.network",74
"sa57216.pdf.servic",72
"sa57216.pdf.access",68
"sa57216.pdf.infrastructur",67
"sa57216.pdf.spanish",66
"sa57216.pdf.activ",59
"sa57357.pdf.servic",51
"sa57357.pdf.student",43
"sa57357.pdf.broadband",36
"sa57357.pdf.measur",34
"sa57357.pdf.provid",32
"sa57357.pdf.elig",28
"sa57357.pdf.aid",26
"sa57357.pdf.telecommun",26
"sa57357.pdf.voucher",25
"sa57357.pdf.educ",22
"sa57495.pdf.servic",43
"sa57495.pdf.provid",38
"sa57495.pdf.elig",31
"sa57495.pdf.telecommun",28
"sa57495.pdf.aid",26
"sa57495.pdf.measur",26
"sa57495.pdf.famili",21
"sa57495.pdf.voucher",21
"sa57495.pdf.recit",18
"sa57495.pdf.econom",15
"sa57496.pdf.measur",135
"sa57496.pdf.servic",130
"sa57496.pdf.provid",115
"sa57496.pdf.voucher",73
"sa57496.pdf.elig",67
"sa57496.pdf.author",65
"sa57496.pdf.italian",65
"sa57496.pdf.communic",64
"sa57496.pdf.electron",62
"sa57496.pdf.smes",60
"sa57497.pdf.network",116
"sa57497.pdf.scheme",97
"sa57497.pdf.school",96
"sa57497.pdf.public",87
"sa57497.pdf.aid",77
"sa57497.pdf.provid",77
"sa57497.pdf.servic",71
"sa57497.pdf.broadband",67
"sa57497.pdf.infrastructur",66
"sa57497.pdf.author",63
"sa58074.pdf.scheme",41
"sa58074.pdf.mobil",25
"sa58074.pdf.aid",22
"sa58074.pdf.infrastructur",18
"sa58074.pdf.commiss",17
"sa58074.pdf.fund",16
"sa58074.pdf.coverag",14
"sa58074.pdf.decis",14
"sa58074.pdf.passiv",14
"sa58074.pdf.mnos",13
"sa58099.pdf.mobil",188
"sa58099.pdf.infrastructur",101
"sa58099.pdf.measur",96
"sa58099.pdf.passiv",82
"sa58099.pdf.servic",64
"sa58099.pdf.network",63
"sa58099.pdf.mnos",57
"sa58099.pdf.access",47
"sa58099.pdf.fmi",41
"sa58099.pdf.oper",39
"sa58261.pdf.broadband",49
"sa58261.pdf.aid",48
"sa58261.pdf.scheme",46
"sa58261.pdf.amend",31
"sa58261.pdf.network",30
"sa58261.pdf.austria",28
"sa58261.pdf.access",25
"sa58261.pdf.support",24
"sa58261.pdf.commiss",23
"sa58261.pdf.infrastructur",21
"sa59574.pdf.mobil",136
"sa59574.pdf.infrastructur",63
"sa59574.pdf.aid",60
"sa59574.pdf.network",55
"sa59574.pdf.servic",55
"sa59574.pdf.scheme",50
"sa59574.pdf.access",44
"sa59574.pdf.measur",44
"sa59574.pdf.author",39
"sa59574.pdf.grant",38
"sa62696.pdf.measur",13
"sa62696.pdf.commiss",9
"sa62696.pdf.speed",8
"sa62696.pdf.mbps",7
"sa62696.pdf.aid",6
"sa62696.pdf.download",6
"sa62696.pdf.european",6
"sa62696.pdf.notifi",6
"sa62696.pdf.provid",6
"sa62696.pdf.symmetr",6
"sa63172.pdf.measur",191
"sa63172.pdf.notifi",171
"sa63172.pdf.network",166
"sa63172.pdf.access",126
"sa63172.pdf.infrastructur",124
"sa63172.pdf.support",117
"sa63172.pdf.target",83
"sa63172.pdf.deploy",82
"sa63172.pdf.passiv",76
"sa63172.pdf.broadband",69
